file,status,chars,pages,doc_type,ngay_ban_hanh,khoa,is_form,duplicate_of,chunks
1. Đơn xin hưởng Nghị định 116 -2025_-_2026.docx,ok,1531,,don,2020-09-25,K51,True,,3
2. Đơn xin KHONG hưởng Nghị định 116 -2025_-_2026.docx,ok,1264,,don,2020-09-25,K51,True,,2
2025-11_CV-DHCT_Thong bao_Danh muc To hop xet tuyen dai hoc chinh quy nam 2025_V2.docx,ok,36150,,thong_bao,,,False,,15
2025. Quy trinh chuyen sinh hoat Dang.docx,ok,3385,,quy_trinh,,,False,,6
2026-07-10-TB2217-DHCT_Thong bao xet tuyen CTCLC va CTTT_PT5_2026.docx,ok,12310,,thong_bao,2026-07-10,,False,,11
20260731-TB2429-DHCT_Thong bao Bang quy doi diem Hoc ba nam 2026.docx,ok,39768,,thong_bao,2026-07-31,,False,,23
2883_Phu luc va Đơn_Huong_dan_xet_mien_rut_hoc_phan_K51.docx,ok,5417,,don,,,True,,8
2884_Phu luc va Đơn_mien_HP_va_HP_SV_CTTTCLC_K51_do_co_Chung_chi_TA_bac_3_tro_len.docx,ok,5827,,don,,,True,,5
Bảng phân bố thời gian tiết học.docx,ok,1199,,khac,,,False,,1
"BM_1.Đơn đề nghị xét miễn và công nhận điểm miễn (có chứng chỉ Ngoại ngữ, Tin học, GDTC, GDQP).docx",ok,2548,,don,,,True,,4
BM_10.Đơn đề nghị xác nhận hoàn thành học phần Giáo dục thể chất.docx,ok,1256,,don,,,True,,1
BM_11.Đơn đề nghị xác nhận Quy đổi điểm học tập từ thang điểm 4 sang thang điểm 10.docx,ok,1069,,don,,,True,,1
BM_12.Đơn đề nghị cấp bản sao bằng tốt nghiệp.docx,ok,919,,don,,,True,,2
BM_13.Mẫu giấy ủy quyền nhận thay văn bằng tốt nghiệp.docx,ok,2311,,khac,,,True,,3
BM_14.Mẫu giấy ủy quyền nhận thay bản sao văn bằng tốt nghiệp.docx,ok,2246,,khac,,,True,,3
BM_15.Mẫu đơn đề nghị chỉnh sửa nội dung văn bằng tốt nghiệp.docx,ok,2490,,don,,,True,,4
BM_16.Mẫu đơn đề nghị cấp lại văn bằng tốt nghiệp (đối với trường hợp Trường ĐHCT viết hoặc in sai).docx,ok,2385,,don,,,True,,4
BM_17.Mẫu phiếu thanh toán ra trường.docx,ok,1622,,khac,,,True,,2
BM_18.Đơn đề nghị xét miễn và công nhận điểm miễn.docx,ok,2677,,don,,,True,,4
BM_19.Mẫu đơn Phụ lục I Hỗ trợ chi phí học tập theo QĐ 66-2013 QĐ-TTg của Thủ tướng chính phủ.docx,ok,1342,,don,2014-10-15,,True,,2
BM_2.Đơn đề nghị xét miễn và công nhận điểm HP  (bảo lưu điểm đã học ĐH trước đây).docx,ok,2508,,don,,,True,,4
BM_20.Mẫu đơn xác nhận hộ nghèo.docx,ok,1478,,don,2009-08-03,,True,,3
BM_21.Mẫu đơn xác nhận hộ cận nghèo.docx,ok,843,,don,,,True,,2
BM_22.Đơn xin trợ cấp khó khăn đột xuất.docx,ok,1990,,don,,,True,,3
BM_23.Đơn xin trợ cấp xã hội.docx,ok,1579,,don,,,True,,2
BM_24.Mẫu 01 Ban hành theo Thông tư số 26.2012TT-BLĐTBXH.docx,ok,4012,,khac,2012-11-12,,True,,7
BM_25.Giấy cam kết trả nợ.docx,ok,2096,,khac,,,False,,3
BM_26.Giấy xác nhận vay vốn mẫu 01.TDSV.docx,ok,1808,,khac,,,True,,2
BM_27.Đơn xin học lại mẫu 1a (áp dụng cho sinh viên tạm nghỉ vì lý do khác).docx,ok,1315,,don,,,True,,3
BM_28.Đơn xin học lại mẫu 1b (áp dụng cho sinh viên tạm nghỉ với lý do trị bệnh).docx,ok,1332,,don,,,True,,3
BM_29.Đơn xin học lại mẫu 1c (áp dụng cho sinh viên học lại vì bị đình chỉ học tập có thời hạn).docx,ok,1319,,don,,,True,,3
BM_3.Đơn đề nghị xét miễn và công nhận điểm HP (Trường ĐHCT cử đi học tập).docx,ok,2578,,don,,,True,,4
BM_30.Đơn xin tạm nghỉ học vì bận việc riêng hay lý do khác.docx,ok,1366,,don,,,True,,3
BM_31.Đơn xin tạm nghỉ với lý do điều trị bệnh.docx,ok,1301,,don,,,True,,2
BM_32.Đơn xin tạm hoãn nghĩa vụ quân sự.docx,ok,1229,,don,,,True,,2
BM_33.Đơn xác nhận sinh viên Trường.docx,ok,1184,,don,,,True,,2
BM_34.Giấy xác nhận sinh viên (Tiếng Anh).docx,ok,889,,khac,,,False,,1
BM_37.Đơn xin chuyển trường.docx,ok,3101,,don,,,True,,7
BM_38.Mẫu đơn xin thôi học (lý do khác).docx,ok,1080,,don,,,True,,2
"BM_39.Đơn xin chuyển chương trình, ngành đào tạo (theo Quy trình hướng dẫn 1982.HD-ĐHCT).docx",ok,1069,,don,,,True,,3
BM_4.Đơn đề nghị điểm I (vắng thi kết thúc học phần).docx,ok,1247,,don,,,True,,2
BM_5.Đơn đề nghị thay đổi thời khóa biểu lớp học phần.docx,ok,1818,,don,,,True,,2
BM_6.Đơn đề nghị mở lớp học phần.docx,ok,1129,,don,,,True,,2
BM_7.Đơn đề nghị phục hồi lớp học phần bị xóa.docx,ok,692,,don,,,True,,1
BM_8.Đơn đề nghị xác nhận trình độ ngoại ngữ A - Anh văn hoặc A - Pháp văn (các ngành đại trà từ khóa 44 về trước).docx,ok,746,,don,,,True,,1
BM_9.Đơn đề nghị xác nhận trình độ ngoại ngữ bậc 3.6 B1 - Anh văn hoặc B1 - Pháp văn-các ngành đại trà từ khóa 45.docx,ok,828,,don,,,True,,1
Cac khu thuoc Dai hoc Can Tho.docx,ok,23095,,khac,,,False,,32
Cach xem thoi khoa bieu.docx,can_kiem_tra (File rỗng hoặc lỗi bóc tách),39,,,,,,,
Ho so nhap hoc gom co nhung gi.docx,ok,665,,khac,,,False,,1
Ky tuc xa sinh vien.docx,ok,3072,,khac,,K52,False,,4
phieudangkychuyenganh.docx,ok,1609,,khac,,,False,,2
phieuThongtinsv2026.docx,ok,5168,,khac,,,False,,12
So do huong dan lam thu tuc nhap hoc.docx,ok,3405,,huong_dan,,K52,False,,5
So tay huong dan thuong hieu.docx,ok,4360,,huong_dan,,K20,False,,8
Sơ đồ phòng học.docx,ok,2920,,khac,,,False,,5
TB2049_KQTT-ƯTXT_2026_Web.docx,ok,3220,,thong_bao,,,False,,7
TB2532_Thong bao ket qua va diem chuan_2026_web.docx,ok,28130,,thong_bao,2026-08-09,,False,,15
TB_Bảng Quy doi diem thi V-SAT 2026.docx,ok,13876,,thong_bao,2026-07-07,,False,,12
Thong bao tren Website tan sinh vien Khoa 52.docx,ok,3683,,thong_bao,,K52,False,,7
Thong tin lien he mot so don vi.docx,ok,525,,don,,,True,,2
Thu vien.docx,ok,8113,,khac,,,False,,11
Đăng nhập hệ thống tích hợp.docx,ok,1572,,khac,,"K39,K40",False,,2
10-8-2026_thong_bao_trien_khai_hoc_bong_VietHope_2026signed.pdf,can_kiem_tra (File rỗng hoặc lỗi bóc tách),0,,,,,,,
11-8-2026_thong_bao_trien_khai_hoc_bong_Hop_tac_va_Se_chia_2026signed.pdf,ok,5198,2,thong_bao,2026-08-12,K52,False,,5
13-8-2026_thong_bao_trien_khai_cap_hoc_bong_HKH_An_Giang_2026signed.pdf,ok,12293,2,thong_bao,2026-08-13,,False,,7
13-8-2026_thong_bao_trien_khai_cap_hoc_bong_HKH_Dong_Thap_2026signed.pdf,ok,15878,2,thong_bao,2026-08-13,K52,False,,8
17-8-2026_Thng_bo_hc_bng_Tip_sc_n_trng_-_Bo_Tui_tr_nm_2026signed.pdf,ok,2304,1,thong_bao,2026-08-17,K52,False,,3
17-8-2026_Thong_bao_trien_khai_hoc_bong_WEAV_2026signed.pdf,ok,6917,2,thong_bao,2026-08-17,K52,False,,6
2025.QD-Banhanh-QD5976-NepsongVanminhTruongDHCT0001.pdf,ok,19374,7,khac,,,False,,21
2025.QD3266_Quy_dinh_cong_tac_hoc_vu_danh_cho_sinh_vien_trinh_do_dai_hoc_hinh_thuc_chinh_quy_V3.pdf,ok,45552,21,quy_dinh,2024-08-15,,False,,60
2025.Quyet_dinh_3512-_Ban_hanh_Quy_dinh_ve_quan_ly-_khai_thac_mang_thong_tin-Truong_DHCT.pdf,ok,27002,12,quyet_dinh,2012-06-18,,False,,36
2026-07-10-TB2217-DHCT_Thong-bao-xet-tuyen-CTCLC-va-CTTT_PT5_2026.signed.signed.signed.pdf,trung_ten,0,,,,,,2026-07-10-TB2217-DHCT_Thong bao xet tuyen CTCLC va CTTT_PT5_2026.docx,
22-08-2026-Thong_bao_trien_khai_hoc_bong_Orion_2026signed.pdf,ok,4017,1,thong_bao,2026-08-22,K52,False,,4
2304_BGDDT-GDDH_08cbd.pdf,ok,16531,3,phu_luc,,,True,,10
30-7-2026 KH_SHNAM_26.signed.signed.signed.signed.pdf,ok,15386,5,ke_hoach,2026-07-30,K51,False,,20
30-7-2026_KH_SHNAM_26signedsignedsignedsigned.pdf,trung_ten,0,,,,,,30-7-2026 KH_SHNAM_26.signed.signed.signed.signed.pdf,
30-7-2026_Thng_bo_hc_bng_Tn_sinh_vin_K52_nm_2026_HCTD_Can_Thosigned.pdf,ok,2201,1,thong_bao,2026-07-30,K52,False,,5
BM_35.Mẫu đơn miễn giảm học phí theo Nghị định 81.2021.NĐ-CP.pdf,ok,821,1,don,2021-08-27,,True,,1
BM_40.Phiếu đăng ký chỗ ở Nội trú Dành cho Sinh viên khóa mới.pdf,ok,1131,1,khac,,,True,,2
BM_41.Phiếu đăng ký chỗ ở Nội trú Dành cho Sinh viên hoac Học viên không đăng ký online được.pdf,ok,2431,1,don,,,True,,3
BM_42.Đơn xin thôi ở KTX trước thời hạn.pdf,ok,2267,1,don,,,True,,5
BM_43.Đơn xin hoàn phí Ký túc xá.pdf,ok,1608,1,don,,,True,,3
BM_44.Đơn xin hoàn phí KTX chênh lệch.pdf,ok,1338,1,don,,,True,,2
"BM_45.Phiếu đề nghị sửa chữa, thay thiết bị KTX.pdf",ok,1769,1,khac,,,True,,1
CV_2457_BGDT_huong dan nop minh chung uu tien xet tuyen.pdf,ok,19283,4,phu_luc,,,True,,13
Hoc bong khuyen hoc K52.pdf,ok,1954,1,thong_bao,2026-08-10,K52,False,,5
Huong_Dan_Xem_TKB_K52.pdf,ok,2821,1,huong_dan,,,False,,2
KynangNhandienPhongchongLuadaoTructuyen.pdf,ok,30594,34,khac,,,False,,49
Kết quả TT UTXT 2026_Web.pdf,ok,67196,13,khac,,,False,,48
LICH_GDQP_K52_HK1_2026_2027.signed.signed.signed.pdf,ok,7969,1,khac,,,False,,6
MucHocPhi_2627.pdf,ok,73518,11,phu_luc,,K51,True,,30
So_tay_huong_dan_thuong_hieu_Dai_hoc_Can_Tho.pdf,ok,12535,25,huong_dan,,,False,,16
