Dấu thời gian,"A1. Bạn hiện đang học ngành/khoa nào?
(ví dụ: Khoa học máy tính )",A2. Bạn đã nhập học được bao lâu?,A3. Bạn là sinh viên hệ nào?,"B1. Hãy đánh giá mức độ bạn quan tâm/thắc mắc về từng chủ đề sau [Học phí, miễn giảm học phí]","B1. Hãy đánh giá mức độ bạn quan tâm/thắc mắc về từng chủ đề sau [Đăng ký học phần, kế hoạch học tập]","B1. Hãy đánh giá mức độ bạn quan tâm/thắc mắc về từng chủ đề sau [Quy chế đào tạo (tín chỉ, điều kiện tốt nghiệp...)]",B1. Hãy đánh giá mức độ bạn quan tâm/thắc mắc về từng chủ đề sau [Ký túc xá],B1. Hãy đánh giá mức độ bạn quan tâm/thắc mắc về từng chủ đề sau [Học bổng],B1. Hãy đánh giá mức độ bạn quan tâm/thắc mắc về từng chủ đề sau [Điểm rèn luyện],"B1. Hãy đánh giá mức độ bạn quan tâm/thắc mắc về từng chủ đề sau [Hoạt động đoàn, hội, câu lạc bộ]",B1. Hãy đánh giá mức độ bạn quan tâm/thắc mắc về từng chủ đề sau [Học trực tuyến / miễn công nhận điểm],"B1. Hãy đánh giá mức độ bạn quan tâm/thắc mắc về từng chủ đề sau [Thủ tục hành chính (giấy tờ, xác nhận sinh viên...)]","C1. Khi mới nhập học, bạn từng gặp khó khăn hoặc thắc mắc gì nhất?",C2. Bạn thường tìm thông tin ở đâu khi có thắc mắc?,C3. Bạn đánh giá việc tìm thông tin hiện tại (qua các kênh trên) dễ hay khó?,"C4. Nếu có một trợ lý ảo (chatbot) trả lời tự động các thắc mắc, bạn muốn hỏi nó điều gì nhất?",C5. Bạn mong muốn trợ lý ảo trả lời theo hình thức nào?,C6. Góp ý thêm (nếu có)
11/09/2026 23:20:31,Khoa học máy tính,Mới nhập học (chưa hết học kỳ 1),Chính quy,5,5,5,1,5,5,3,3,3,"Khó khăn trong việc tìm phòng học, vì mã phòng học đôi khi quá mới với tân sinh viên như tụi mình","Website chính thức của trường/khoa, Hỏi bạn bè, anh chị khóa trên, Group Facebook / Zalo, Hỏi cố vấn học tập / giảng viên",Bình thường,"sẽ hỏi cách tính điểm
hỏi cách để đạt học bổng khuyến khích học tập
hỏi làm sao để đạt sinh viên 5 tốt","Trả lời ngắn gọn, trực tiếp",không có
11/09/2026 23:34:45,Thương mại điện tử,Mới nhập học (chưa hết học kỳ 1),Liên kết quốc tế,1,4,4,1,1,1,4,1,1,Kết bạn,"Website chính thức của trường/khoa, Hỏi bạn bè, anh chị khóa trên, Group Facebook / Zalo, Hỏi cố vấn học tập / giảng viên, Hỏi phòng ban liên quan trực tiếp (Đào tạo, CTSV...), Khác",Rất dễ,Putin là ghệ của trump đúng không,"Không quan trọng, miễn đúng và nhanh",Đéo có
11/09/2026 23:37:38,Khoa học máy tính,Đã học được 1 năm trở lên,Chính quy,5,5,5,1,5,5,4,4,5,kết bạn,"Website chính thức của trường/khoa, Hỏi bạn bè, anh chị khóa trên, Group Facebook / Zalo, Hỏi cố vấn học tập / giảng viên",Dễ,Quy chế tính điểm rèn luyện,Trả lời chi tiết kèm giải thích,
11/09/2026 23:46:17,Kinh tế,Đã học được 1 năm trở lên,Chính quy,5,5,5,5,5,5,5,5,5,Không có khó khăn gì ,"Website chính thức của trường/khoa, Hỏi bạn bè, anh chị khóa trên, Hỏi cố vấn học tập / giảng viên, Hỏi phòng ban liên quan trực tiếp (Đào tạo, CTSV...)",Dễ,"1. Điều kiện để được xét tốt nghiệp là gì?
2. Học môn thay thế khóa luận thì có những yêu cầu và quy định gì?
3. Nếu chọn học môn thay thế thì có ảnh hưởng đến chất lượng đầu ra hoặc kết quả tốt nghiệp so với làm khóa luận không?",Trả lời chi tiết kèm giải thích,Không có
12/09/2026 6:40:14,Quản Trị Kinh Doanh ,Mới nhập học (chưa hết học kỳ 1),Chính quy,3,4,5,3,5,5,4,4,5,Quy định nhận học bổng ,"Website chính thức của trường/khoa, Hỏi cố vấn học tập / giảng viên",Dễ,"Bài tập khó 
Liệt kê dữ liệu 
Làm hình ảnh ",Trả lời kèm link/nguồn tài liệu tham khảo để đọc thêm,Không
12/09/2026 12:39:25,Quản trị Dịch vụ Du lịch và Lữ hành,Mới nhập học (chưa hết học kỳ 1),Chính quy,5,5,5,2,5,4,5,4,5,"Không biết quy trình đăng ký học phần, xếp KHHT","Hỏi bạn bè, anh chị khóa trên, Group Facebook / Zalo",Dễ,"1. Tổng hợp các học bổng phù hợp với điều kiện của tôi.
2. Cách xếp KHHT hợp lý.
3. Cách học tốt một số học phần cụ thể.",Trả lời kèm link/nguồn tài liệu tham khảo để đọc thêm,
12/09/2026 12:43:31,Y Khoa,Đã học được 1 năm trở lên,Chính quy,5,1,1,1,5,5,1,5,3,Chưa gặp,"Website chính thức của trường/khoa, Hỏi bạn bè, anh chị khóa trên, Group Facebook / Zalo",Rất dễ,"Hỏi xem chatbox cung cấp thông tin về những gì?
Cấu trúc trả lời câu hỏi như thế nào?
Ưu nhược điển gì so với AI khác?","Trả lời ngắn gọn, trực tiếp",
12/09/2026 12:43:53,Thú y ,Đã học được 1 năm trở lên,Chính quy,5,5,5,3,5,5,5,4,4,"Không biết sắp xếp KHHT, đăng ký học phần như thế nào ","Website chính thức của trường/khoa, Hỏi bạn bè, anh chị khóa trên, Hỏi cố vấn học tập / giảng viên",Dễ,Cách thức thủ tục làm các giấy tờ liên quan ,Trả lời chi tiết kèm giải thích,
12/09/2026 12:45:53,Công nghệ sinh học,Mới nhập học (chưa hết học kỳ 1),Chính quy,5,5,5,4,5,5,3,5,5,"Không biết đăng ký học phần ở đâu, phòng học","Website chính thức của trường/khoa, Hỏi bạn bè, anh chị khóa trên, Hỏi cố vấn học tập / giảng viên",Dễ,Phòng học xxx nằm ở đâu?,Trả lời chi tiết kèm giải thích,
12/09/2026 12:47:11,Tự động hoá,Mới nhập học (chưa hết học kỳ 1),Chính quy,5,5,5,3,5,5,4,5,5,"Không biết đăng ký học phần ở đâu, chưa hiểu rõ về các lịch học và thắc mắc về từng thầy cô giảng dạy.","Website chính thức của trường/khoa, Hỏi bạn bè, anh chị khóa trên, Group Facebook / Zalo, Hỏi phòng ban liên quan trực tiếp (Đào tạo, CTSV...)",Rất dễ,"- Hỏi câu hỏi liên quan đến vấn đề về môi trường
- Câu hỏi về không gian, vũ trụ, các hành tinh
- Câu hỏi về cảm xúc, tâm lý của con người",Trả lời kèm link/nguồn tài liệu tham khảo để đọc thêm,Không có ý kiến gì thêm
12/09/2026 12:49:04,Khoa Quản trị kinh doanh,Mới nhập học (chưa hết học kỳ 1),Chính quy,5,4,4,2,5,5,4,5,4,"không biết đăng kí học phần sao cho phù hợp và ở đâu?, phương pháp học phù hợp?, làm tiểu luận là làm như thế nào?, tóm ý để làm slide ra sao?","Website chính thức của trường/khoa, Hỏi bạn bè, anh chị khóa trên, Group Facebook / Zalo, Hỏi cố vấn học tập / giảng viên",Bình thường,"- Tóm ý chính trong file ra ý phù hợp để làm thuyết trình, bài luận và hoặc để ôn bài ktra
 - Đưa ra cho tôi lộ trình học phù hợp nhất trong 4 năm đại học
",Trả lời kèm link/nguồn tài liệu tham khảo để đọc thêm,
12/09/2026 12:51:13,Công nghệ Thực phẩm ,Đã học được 1 năm trở lên,Chính quy,4,4,4,4,4,4,4,4,4,Học bổng ,"Website chính thức của trường/khoa, Hỏi bạn bè, anh chị khóa trên, Group Facebook / Zalo, Hỏi cố vấn học tập / giảng viên, Hỏi phòng ban liên quan trực tiếp (Đào tạo, CTSV...), Khác",Dễ,"Những lợi ích của chất bột
Những tác hại khi lạm dụng chất bột
Cơ sở hình thành chatbot",Trả lời chi tiết kèm giải thích,
12/09/2026 12:51:46,"Triết học, Khoa KHCT,XH&NV",Đã học được 1 năm trở lên,Chính quy,5,4,4,4,4,4,4,4,4,"Mình không biết ký tự của các dãy nhà học mất khá nhiều thời gian để đi tìm cũng như là không biết đăng ký học phần, cách tính điểm rèn luyện hay điểm gpa,...","Website chính thức của trường/khoa, Hỏi bạn bè, anh chị khóa trên",Bình thường,Mình muốn hỏi các ký tự phòng học,Trả lời chi tiết kèm giải thích,
12/09/2026 12:53:33,Ngành sinh học/khoa spkhtn,Mới nhập học (chưa hết học kỳ 1),Chính quy,5,5,5,5,5,5,5,5,5,Không biết về những hồ sơ nhập học ,Website chính thức của trường/khoa,Rất dễ,.,Trả lời chi tiết kèm giải thích,Không có 
12/09/2026 12:57:40,LGBT,Mới nhập học (chưa hết học kỳ 1),Liên kết quốc tế,1,3,1,2,4,1,4,1,5,hay lạc đường ,Website chính thức của trường/khoa,Rất dễ,con gà có trước hay quả trứng ,"Trả lời ngắn gọn, trực tiếp",…
12/09/2026 13:04:43,Khoa kỹ thuật vật liệu,Mới nhập học (chưa hết học kỳ 1),Chính quy,5,4,4,3,5,5,4,3,3,Về các thông tin hoạt động của trường phải lên nhiều hội nhóm facebook và hỏi anh chị khá nhiều ,"Website chính thức của trường/khoa, Hỏi bạn bè, anh chị khóa trên, Group Facebook / Zalo, Hỏi cố vấn học tập / giảng viên",Khó,"Về các thông tin của trường như điểm rèn luyện xem ở đâu 
Bệnh xin cố vấn nghĩ được không 
Không tham gia hoạt động tuần đầu có ảnh hưởng điểm rèn luyện không",Trả lời chi tiết kèm giải thích,
12/09/2026 13:09:37,Khoa Chăn nuôi ,Đã học xong học kỳ 1,Chính quy,5,1,1,1,5,5,2,1,2,Trường quá rộng phải coi maps nhìu lần,Website chính thức của trường/khoa,Rất dễ,Cách duy trì ăn uống lành mạnh mà không bị khó chịu? ,Trả lời chi tiết kèm giải thích,
12/09/2026 13:40:28,Quản trị dịch vụ du lịch và lữ hành ,Mới nhập học (chưa hết học kỳ 1),Chính quy,5,5,4,5,5,5,5,5,5,"Không biết đrl là gì, kiếm như thế nào. Làm sao để tham gia clb cũng như là làm sao để được hoa cao ","Website chính thức của trường/khoa, Hỏi bạn bè, anh chị khóa trên",Bình thường,"Xin về thông tin clb
Tài liệu học tập",Trả lời kèm link/nguồn tài liệu tham khảo để đọc thêm,Không
12/09/2026 13:40:49,Công nghệ sinh học,Mới nhập học (chưa hết học kỳ 1),Chính quy,4,5,4,2,4,4,3,4,4,Ko biết đường đi và sợ lạc ,"Website chính thức của trường/khoa, Group Facebook / Zalo, Hỏi cố vấn học tập / giảng viên, Hỏi phòng ban liên quan trực tiếp (Đào tạo, CTSV...)",Dễ,Dự đoán tương lai ngành công nghệ sinh học như thế nào? Đầu ra và việc làm như nào? Mức thu nhập là bao nhiêu? ,Trả lời chi tiết kèm giải thích,
12/09/2026 13:47:24,Khoa Khoa Học Đất,Đã học được 1 năm trở lên,Chính quy,5,5,5,3,4,5,3,4,3,Khó khăn trong các thao tác sắp xếp kế hoạch học tập và đăng kí học phần,"Website chính thức của trường/khoa, Hỏi bạn bè, anh chị khóa trên, Hỏi cố vấn học tập / giảng viên",Dễ,"Tổng hợp các thông báo mới về quy định ở trường trong năm học mới?
Dựa vào bản điểm và kết quả hiện tại hay tính điểm các môn học còn lại để tôi có thể tốt nghiệp loại giỏi?
Các hoạt động có điểm rèn luyện trong học kỳ này?",Trả lời chi tiết kèm giải thích,
12/09/2026 13:53:49,Y học cổ truyền,Đã học được 1 năm trở lên,Chính quy,5,4,4,1,5,5,1,2,3,"Bối rối với cách học mới, môid quan hệ mới","Website chính thức của trường/khoa, Hỏi bạn bè, anh chị khóa trên, Hỏi cố vấn học tập / giảng viên, Hỏi phòng ban liên quan trực tiếp (Đào tạo, CTSV...)",Bình thường,Không muốn hỏi trợ lý ảo,"Không quan trọng, miễn đúng và nhanh",
12/09/2026 15:33:59,Khoa học xã hội và nhân văn,Đã học được 1 năm trở lên,Chính quy,3,3,3,3,3,3,3,3,3,"Không tìm được bạn bè, nhóm phù hợp để cùng nhau học tập",Group Facebook / Zalo,Dễ,"Mua tập bài giảng ở đâu
Những giáo trình nào liên quan đến môn học
Tôi nên đọc những sách/ giáo trình gì để phục vụ cho ngành học của tôi",Trả lời kèm link/nguồn tài liệu tham khảo để đọc thêm,Không
15/09/2026 9:17:37,Thủy sản,Mới nhập học (chưa hết học kỳ 1),Chính quy,5,5,5,1,5,5,5,3,1,"Sơ đồ phòng học, thời gian đăng ký học phần, thời gian tự đánh giá điểm rèn luyện, làm sao để có học bổng","Website chính thức của trường/khoa, Group Facebook / Zalo",Bình thường,"cách tính điểm nhanh, cách xếp kế hoạch học tập, cách kiếm điểm rèn luyện cho từng mục",Trả lời chi tiết kèm giải thích,không có